"","Elevation","b","se"
"1","X380",-0.0112781954887227,0.0885371824187396
"2","X710",-0.134586466165418,0.154549233396864
"3","X1060",-0.285714285714321,0.383325938999937
