"","Elevation","r","n"
"1","X380",-0.0424230131658824,11
"2","X710",-0.278770210860585,11
"3","X1060",-0.316227766016838,7
