"","Elevation","b","se"
"1","380m",0.250604563220415,0.243180655479013
"2","710m",0.19833107368568,0.227438467828984
"3","1060m",0.137000309587979,0.170521962649043
"4","1120m",0.156538939833955,0.438195286396398
