"","Elevation","r","n"
"1","380m",-0.072485656373657,31
"2","710m",0.535959221596323,31
"3","1060m",0.678645674302932,29
"4","1120m",0.73118140845869,19
