"","Elevation","r","n"
"1","X380",0.251913716019014,11
"2","X710",-0.0627605222830402,11
"3","X1060",-0.291527799766803,7
