"","Elevation","b","se"
"1","380m",-0.00833732057416216,0.0213025449001092
"2","710m",0.127834928229665,0.0373926893452431
"3","1060m",0.233120340788073,0.0485541991110051
"4","1120m",0.255577427821522,0.0578327487513967
