"","Elevation","b","se"
"1","380m",0.178155020848138,0.219751723344228
"2","710m",1.03370281167066,0.41895030287004
"3","1060m",1.75295892816863,0.589284319352857
"4","1120m",1.25573651813922,0.577602230123266
