"","Elevation","b","se"
"1","380m",-0.00764522746752519,0.0195341896655893
"2","710m",0.0565288412551512,0.0165351162579204
"3","1060m",0.0754291621536121,0.0157103517676831
"4","1120m",0.109533183352081,0.0247854637505986
