"","Elevation","b","se"
"1","X380",0.304104111354763,0.389414633500143
"2","X710",-0.137585905535549,0.729304907944388
"3","X1060",-0.90265534486148,1.3245558257829
