"","Elevation","r","n"
"1","380m",0.148867648058099,31
"2","710m",0.416537972505023,31
"3","1060m",0.4968306644582,29
"4","1120m",0.466417476016449,19
