"","Elevation","r","n","Duration"
"1","380m",-0.072485656373657,31,31
"2","710m",0.535959221596323,31,31
"3","1060m",0.678645674302932,29,31
"4","1120m",0.73118140845869,19,22
